{
    "most_common_guess": 0.2787418655097614,
    "rf_basic": 0.345173535791757,
    "rf_tuned": 0.3600867678958785,
    "xg_boost": 0.352765726681128,
    "neural_network": 0.33080260303687636
}