{
    "most_common_guess": 0.2787418655097614,
    "rf_basic": 0.345173535791757,
    "rf_tuned": 0.3557483731019523,
    "xg_boost": 0.34724857685009486,
    "neural_network": 0.6079930589447426
}