{
    "precision": 0.7125526120326814,
    "recall": 0.4779143141813351,
    "location specific accuracy": 0.8054501084598699,
    "overall protein accuracy": 0.3600867678958785
}